[
  {
    "model": "sites.site",
    "pk": 1,
    "fields": {
      "domain": "localhost:8000",
      "name": "example.com"
    }
  },
  {
    "model": "contenttypes.contenttype",
    "pk": 1,
    "fields": {
      "app_label": "jet",
      "model": "bookmark"
    }
  },
  {
    "model": "contenttypes.contenttype",
    "pk": 2,
    "fields": {
      "app_label": "jet",
      "model": "pinnedapplication"
    }
  },
  {
    "model": "contenttypes.contenttype",
    "pk": 3,
    "fields": {
      "app_label": "admin",
      "model": "logentry"
    }
  },
  {
    "model": "contenttypes.contenttype",
    "pk": 4,
    "fields": {
      "app_label": "auth",
      "model": "permission"
    }
  },
  {
    "model": "contenttypes.contenttype",
    "pk": 5,
    "fields": {
      "app_label": "auth",
      "model": "group"
    }
  },
  {
    "model": "contenttypes.contenttype",
    "pk": 6,
    "fields": {
      "app_label": "sites",
      "model": "site"
    }
  },
  {
    "model": "contenttypes.contenttype",
    "pk": 7,
    "fields": {
      "app_label": "contenttypes",
      "model": "contenttype"
    }
  },
  {
    "model": "contenttypes.contenttype",
    "pk": 8,
    "fields": {
      "app_label": "sessions",
      "model": "session"
    }
  },
  {
    "model": "contenttypes.contenttype",
    "pk": 9,
    "fields": {
      "app_label": "ad_app",
      "model": "ad"
    }
  },
  {
    "model": "contenttypes.contenttype",
    "pk": 10,
    "fields": {
      "app_label": "ad_app",
      "model": "media"
    }
  },
  {
    "model": "contenttypes.contenttype",
    "pk": 11,
    "fields": {
      "app_label": "ad_app",
      "model": "coordinates"
    }
  },
  {
    "model": "contenttypes.contenttype",
    "pk": 12,
    "fields": {
      "app_label": "ad_app",
      "model": "comment"
    }
  },
  {
    "model": "contenttypes.contenttype",
    "pk": 13,
    "fields": {
      "app_label": "categories",
      "model": "category"
    }
  },
  {
    "model": "contenttypes.contenttype",
    "pk": 14,
    "fields": {
      "app_label": "account",
      "model": "emailconfirmation"
    }
  },
  {
    "model": "contenttypes.contenttype",
    "pk": 15,
    "fields": {
      "app_label": "account",
      "model": "emailaddress"
    }
  },
  {
    "model": "contenttypes.contenttype",
    "pk": 16,
    "fields": {
      "app_label": "socialaccount",
      "model": "socialapp"
    }
  },
  {
    "model": "contenttypes.contenttype",
    "pk": 17,
    "fields": {
      "app_label": "socialaccount",
      "model": "socialtoken"
    }
  },
  {
    "model": "contenttypes.contenttype",
    "pk": 18,
    "fields": {
      "app_label": "socialaccount",
      "model": "socialaccount"
    }
  },
  {
    "model": "contenttypes.contenttype",
    "pk": 19,
    "fields": {
      "app_label": "users_app",
      "model": "users"
    }
  },
  {
    "model": "sessions.session",
    "pk": "kwwxpo8jvtdmji0w2rcpdtu1vzjl1p8s",
    "fields": {
      "session_data": "YzE0NmMxZDQzNDg2NjgyZDg4OWI0ODQ4NDk5YTAxYWM3MWE1ZjM0Yzp7Il9hdXRoX3VzZXJfaGFzaCI6ImUxZDYwNzMyNDdjYWU4OTU0MDc0YjIyYjY1OWNmYmZkZTBlMjU2ZjUiLCJfYXV0aF91c2VyX2JhY2tlbmQiOiJkamFuZ28uY29udHJpYi5hdXRoLmJhY2tlbmRzLk1vZGVsQmFja2VuZCIsIl9hdXRoX3VzZXJfaWQiOiIxIn0=",
      "expire_date": "2017-05-21T11:15:44.509Z"
    }
  },
  {
    "model": "sessions.session",
    "pk": "qghi65dxsjpfgqqyf1bvzuw4hpvk8q49",
    "fields": {
      "session_data": "NmNiN2Y1ZDQ4MjJiOWZmYjA5MGMwNTY1Y2RhMTVmMzIxYjcxNzUzYjp7ImFjY291bnRfdmVyaWZpZWRfZW1haWwiOm51bGx9",
      "expire_date": "2017-05-20T05:49:16.641Z"
    }
  },
  {
    "model": "sessions.session",
    "pk": "v39ig8lavopidk19tohu2t5lqfzajqd5",
    "fields": {
      "session_data": "NmNiN2Y1ZDQ4MjJiOWZmYjA5MGMwNTY1Y2RhMTVmMzIxYjcxNzUzYjp7ImFjY291bnRfdmVyaWZpZWRfZW1haWwiOm51bGx9",
      "expire_date": "2017-05-20T05:46:45.955Z"
    }
  },
  {
    "model": "ad_app.media",
    "pk": 1,
    "fields": {
      "media_file": "good-1_Q1LGOk9.png",
      "description": "Uploaded: 2017-05-07"
    }
  },
  {
    "model": "ad_app.media",
    "pk": 2,
    "fields": {
      "media_file": "good-2_qHjFgUN.png",
      "description": "Uploaded: 2017-05-07"
    }
  },
  {
    "model": "ad_app.media",
    "pk": 3,
    "fields": {
      "media_file": "good-3_RbpP7md.png",
      "description": "Uploaded: 2017-05-07"
    }
  },
  {
    "model": "ad_app.media",
    "pk": 4,
    "fields": {
      "media_file": "good-1_AYcJZZU.png",
      "description": "Uploaded: 2017-05-07"
    }
  },
  {
    "model": "ad_app.media",
    "pk": 5,
    "fields": {
      "media_file": "good-3_PozitHb.png",
      "description": "Uploaded: 2017-05-07"
    }
  },
  {
    "model": "ad_app.media",
    "pk": 6,
    "fields": {
      "media_file": "good-2_Cnc1MkA.png",
      "description": "Uploaded: 2017-05-07"
    }
  },
  {
    "model": "categories.category",
    "pk": 1,
    "fields": {
      "title": "\u041d\u0435\u0434\u0432\u0438\u0436\u0438\u043c\u043e\u0441\u0442\u044c",
      "slug": "nedvizhimost",
      "parent": null,
      "description": "",
      "meta_title": "\u041d\u0435\u0434\u0432\u0438\u0436\u0438\u043c\u043e\u0441\u0442\u044c",
      "meta_description": "",
      "meta_key_words": ""
    }
  },
  {
    "model": "categories.category",
    "pk": 2,
    "fields": {
      "title": "\u0412\u0430\u043a\u0430\u043d\u0441\u0438\u0438",
      "slug": "vakansii",
      "parent": null,
      "description": "",
      "meta_title": "\u0412\u0430\u043a\u0430\u043d\u0441\u0438\u0438",
      "meta_description": "",
      "meta_key_words": ""
    }
  },
  {
    "model": "categories.category",
    "pk": 3,
    "fields": {
      "title": "\u041a\u0432\u0430\u0440\u0442\u0438\u0440\u044b",
      "slug": "kvartiry",
      "parent": 1,
      "description": "",
      "meta_title": "\u041a\u0432\u0430\u0440\u0442\u0438\u0440\u044b",
      "meta_description": "",
      "meta_key_words": ""
    }
  },
  {
    "model": "categories.category",
    "pk": 4,
    "fields": {
      "title": "\u041a\u043e\u043c\u043d\u0430\u0442\u044b",
      "slug": "komnaty",
      "parent": 1,
      "description": "",
      "meta_title": "\u041a\u043e\u043c\u043d\u0430\u0442\u044b",
      "meta_description": "",
      "meta_key_words": ""
    }
  },
  {
    "model": "categories.category",
    "pk": 5,
    "fields": {
      "title": "\u041a\u043e\u0439\u043a\u0430-\u043c\u0435\u0441\u0442\u043e",
      "slug": "kojka-mesto",
      "parent": 1,
      "description": "",
      "meta_title": "\u041a\u043e\u0439\u043a\u0430-\u043c\u0435\u0441\u0442\u043e",
      "meta_description": "",
      "meta_key_words": ""
    }
  },
  {
    "model": "categories.category",
    "pk": 6,
    "fields": {
      "title": "\u0412\u0430\u043a\u0430\u043d\u0441\u0438\u0438",
      "slug": "vakansii",
      "parent": 2,
      "description": "",
      "meta_title": "\u0412\u0430\u043a\u0430\u043d\u0441\u0438\u0438",
      "meta_description": "",
      "meta_key_words": ""
    }
  },
  {
    "model": "categories.category",
    "pk": 7,
    "fields": {
      "title": "\u0418\u0449\u0443 \u0440\u0430\u0431\u043e\u0442\u0443",
      "slug": "ishu-rabotu",
      "parent": 2,
      "description": "",
      "meta_title": "\u0418\u0449\u0443 \u0440\u0430\u0431\u043e\u0442\u0443",
      "meta_description": "",
      "meta_key_words": ""
    }
  },
  {
    "model": "categories.category",
    "pk": 8,
    "fields": {
      "title": "\u041f\u043e\u0434\u0440\u0430\u0431\u043e\u0442\u043a\u0430",
      "slug": "podrabotka",
      "parent": 2,
      "description": "",
      "meta_title": "\u041f\u043e\u0434\u0440\u0430\u0431\u043e\u0442\u043a\u0430",
      "meta_description": "",
      "meta_key_words": ""
    }
  },
  {
    "model": "categories.category",
    "pk": 9,
    "fields": {
      "title": "\u0423\u0441\u043b\u0443\u0433\u0438",
      "slug": "uslugi",
      "parent": null,
      "description": "",
      "meta_title": "\u0423\u0441\u043b\u0443\u0433\u0438",
      "meta_description": "",
      "meta_key_words": ""
    }
  },
  {
    "model": "categories.category",
    "pk": 10,
    "fields": {
      "title": "\u041c\u0435\u0434\u0438\u0446\u0438\u043d\u0441\u043a\u0438\u0435",
      "slug": "medicinskie",
      "parent": 9,
      "description": "",
      "meta_title": "\u041c\u0435\u0434\u0438\u0446\u0438\u043d\u0441\u043a\u0438\u0435",
      "meta_description": "",
      "meta_key_words": ""
    }
  },
  {
    "model": "categories.category",
    "pk": 11,
    "fields": {
      "title": "\u041e\u0431\u0440\u0430\u0437\u043e\u0432\u0430\u043d\u0438\u0435",
      "slug": "obrazovanie",
      "parent": 9,
      "description": "",
      "meta_title": "\u041e\u0431\u0440\u0430\u0437\u043e\u0432\u0430\u043d\u0438\u0435",
      "meta_description": "",
      "meta_key_words": ""
    }
  },
  {
    "model": "categories.category",
    "pk": 12,
    "fields": {
      "title": "\u041d\u044f\u043d\u0438",
      "slug": "nyani",
      "parent": 9,
      "description": "",
      "meta_title": "\u041d\u044f\u043d\u0438",
      "meta_description": "",
      "meta_key_words": ""
    }
  },
  {
    "model": "categories.category",
    "pk": 13,
    "fields": {
      "title": "\u0414\u043e\u043c\u0440\u0430\u0431\u043e\u0442\u043d\u0438\u0446\u044b",
      "slug": "domrabotnicy",
      "parent": 9,
      "description": "",
      "meta_title": "\u0414\u043e\u043c\u0440\u0430\u0431\u043e\u0442\u043d\u0438\u0446\u044b",
      "meta_description": "",
      "meta_key_words": ""
    }
  },
  {
    "model": "categories.category",
    "pk": 14,
    "fields": {
      "title": "\u041a\u043e\u043c\u043f\u044c\u044e\u0442\u0435\u0440\u043d\u044b\u0435",
      "slug": "kompyuternye",
      "parent": 9,
      "description": "",
      "meta_title": "\u041a\u043e\u043c\u043f\u044c\u044e\u0442\u0435\u0440\u043d\u044b\u0435",
      "meta_description": "",
      "meta_key_words": ""
    }
  },
  {
    "model": "categories.category",
    "pk": 15,
    "fields": {
      "title": "\u0424\u043e\u0442\u043e-\u0412\u0438\u0434\u0435\u043e\u0441\u044a\u0451\u043c\u043a\u0430",
      "slug": "foto-videosyomka",
      "parent": 9,
      "description": "",
      "meta_title": "\u0424\u043e\u0442\u043e-\u0412\u0438\u0434\u0435\u043e\u0441\u044a\u0451\u043c\u043a\u0430",
      "meta_description": "",
      "meta_key_words": ""
    }
  },
  {
    "model": "socialaccount.socialapp",
    "pk": 1,
    "fields": {
      "provider": "facebook",
      "name": "TumaR24 (Classified Ads)",
      "client_id": "1881419722139777",
      "secret": "9a099b51a1d30fcb822bddf7f2a1307a",
      "key": "",
      "sites": [
        1
      ]
    }
  },
  {
    "model": "auth.permission",
    "pk": 1,
    "fields": {
      "name": "Can add bookmark",
      "content_type": 1,
      "codename": "add_bookmark"
    }
  },
  {
    "model": "auth.permission",
    "pk": 2,
    "fields": {
      "name": "Can change bookmark",
      "content_type": 1,
      "codename": "change_bookmark"
    }
  },
  {
    "model": "auth.permission",
    "pk": 3,
    "fields": {
      "name": "Can delete bookmark",
      "content_type": 1,
      "codename": "delete_bookmark"
    }
  },
  {
    "model": "auth.permission",
    "pk": 4,
    "fields": {
      "name": "Can add pinned application",
      "content_type": 2,
      "codename": "add_pinnedapplication"
    }
  },
  {
    "model": "auth.permission",
    "pk": 5,
    "fields": {
      "name": "Can change pinned application",
      "content_type": 2,
      "codename": "change_pinnedapplication"
    }
  },
  {
    "model": "auth.permission",
    "pk": 6,
    "fields": {
      "name": "Can delete pinned application",
      "content_type": 2,
      "codename": "delete_pinnedapplication"
    }
  },
  {
    "model": "auth.permission",
    "pk": 7,
    "fields": {
      "name": "Can add log entry",
      "content_type": 3,
      "codename": "add_logentry"
    }
  },
  {
    "model": "auth.permission",
    "pk": 8,
    "fields": {
      "name": "Can change log entry",
      "content_type": 3,
      "codename": "change_logentry"
    }
  },
  {
    "model": "auth.permission",
    "pk": 9,
    "fields": {
      "name": "Can delete log entry",
      "content_type": 3,
      "codename": "delete_logentry"
    }
  },
  {
    "model": "auth.permission",
    "pk": 10,
    "fields": {
      "name": "Can add group",
      "content_type": 4,
      "codename": "add_group"
    }
  },
  {
    "model": "auth.permission",
    "pk": 11,
    "fields": {
      "name": "Can change group",
      "content_type": 4,
      "codename": "change_group"
    }
  },
  {
    "model": "auth.permission",
    "pk": 12,
    "fields": {
      "name": "Can delete group",
      "content_type": 4,
      "codename": "delete_group"
    }
  },
  {
    "model": "auth.permission",
    "pk": 13,
    "fields": {
      "name": "Can add permission",
      "content_type": 5,
      "codename": "add_permission"
    }
  },
  {
    "model": "auth.permission",
    "pk": 14,
    "fields": {
      "name": "Can change permission",
      "content_type": 5,
      "codename": "change_permission"
    }
  },
  {
    "model": "auth.permission",
    "pk": 15,
    "fields": {
      "name": "Can delete permission",
      "content_type": 5,
      "codename": "delete_permission"
    }
  },
  {
    "model": "auth.permission",
    "pk": 16,
    "fields": {
      "name": "Can add site",
      "content_type": 6,
      "codename": "add_site"
    }
  },
  {
    "model": "auth.permission",
    "pk": 17,
    "fields": {
      "name": "Can change site",
      "content_type": 6,
      "codename": "change_site"
    }
  },
  {
    "model": "auth.permission",
    "pk": 18,
    "fields": {
      "name": "Can delete site",
      "content_type": 6,
      "codename": "delete_site"
    }
  },
  {
    "model": "auth.permission",
    "pk": 19,
    "fields": {
      "name": "Can add content type",
      "content_type": 7,
      "codename": "add_contenttype"
    }
  },
  {
    "model": "auth.permission",
    "pk": 20,
    "fields": {
      "name": "Can change content type",
      "content_type": 7,
      "codename": "change_contenttype"
    }
  },
  {
    "model": "auth.permission",
    "pk": 21,
    "fields": {
      "name": "Can delete content type",
      "content_type": 7,
      "codename": "delete_contenttype"
    }
  },
  {
    "model": "auth.permission",
    "pk": 22,
    "fields": {
      "name": "Can add session",
      "content_type": 8,
      "codename": "add_session"
    }
  },
  {
    "model": "auth.permission",
    "pk": 23,
    "fields": {
      "name": "Can change session",
      "content_type": 8,
      "codename": "change_session"
    }
  },
  {
    "model": "auth.permission",
    "pk": 24,
    "fields": {
      "name": "Can delete session",
      "content_type": 8,
      "codename": "delete_session"
    }
  },
  {
    "model": "auth.permission",
    "pk": 25,
    "fields": {
      "name": "Can add \u041e\u0431\u044a\u044f\u0432\u043b\u0435\u043d\u0438\u0435",
      "content_type": 9,
      "codename": "add_ad"
    }
  },
  {
    "model": "auth.permission",
    "pk": 26,
    "fields": {
      "name": "Can change \u041e\u0431\u044a\u044f\u0432\u043b\u0435\u043d\u0438\u0435",
      "content_type": 9,
      "codename": "change_ad"
    }
  },
  {
    "model": "auth.permission",
    "pk": 27,
    "fields": {
      "name": "Can delete \u041e\u0431\u044a\u044f\u0432\u043b\u0435\u043d\u0438\u0435",
      "content_type": 9,
      "codename": "delete_ad"
    }
  },
  {
    "model": "auth.permission",
    "pk": 28,
    "fields": {
      "name": "Can add \u041c\u0435\u0434\u0438\u0430",
      "content_type": 10,
      "codename": "add_media"
    }
  },
  {
    "model": "auth.permission",
    "pk": 29,
    "fields": {
      "name": "Can change \u041c\u0435\u0434\u0438\u0430",
      "content_type": 10,
      "codename": "change_media"
    }
  },
  {
    "model": "auth.permission",
    "pk": 30,
    "fields": {
      "name": "Can delete \u041c\u0435\u0434\u0438\u0430",
      "content_type": 10,
      "codename": "delete_media"
    }
  },
  {
    "model": "auth.permission",
    "pk": 31,
    "fields": {
      "name": "Can add \u041a\u043e\u043c\u043c\u0435\u043d\u0442\u0430\u0440\u0438\u0439",
      "content_type": 11,
      "codename": "add_comment"
    }
  },
  {
    "model": "auth.permission",
    "pk": 32,
    "fields": {
      "name": "Can change \u041a\u043e\u043c\u043c\u0435\u043d\u0442\u0430\u0440\u0438\u0439",
      "content_type": 11,
      "codename": "change_comment"
    }
  },
  {
    "model": "auth.permission",
    "pk": 33,
    "fields": {
      "name": "Can delete \u041a\u043e\u043c\u043c\u0435\u043d\u0442\u0430\u0440\u0438\u0439",
      "content_type": 11,
      "codename": "delete_comment"
    }
  },
  {
    "model": "auth.permission",
    "pk": 34,
    "fields": {
      "name": "Can add \u041a\u043e\u043e\u0440\u0434\u0438\u043d\u0430\u0442\u044b",
      "content_type": 12,
      "codename": "add_coordinates"
    }
  },
  {
    "model": "auth.permission",
    "pk": 35,
    "fields": {
      "name": "Can change \u041a\u043e\u043e\u0440\u0434\u0438\u043d\u0430\u0442\u044b",
      "content_type": 12,
      "codename": "change_coordinates"
    }
  },
  {
    "model": "auth.permission",
    "pk": 36,
    "fields": {
      "name": "Can delete \u041a\u043e\u043e\u0440\u0434\u0438\u043d\u0430\u0442\u044b",
      "content_type": 12,
      "codename": "delete_coordinates"
    }
  },
  {
    "model": "auth.permission",
    "pk": 37,
    "fields": {
      "name": "Can add \u041a\u0430\u0442\u0435\u0433\u043e\u0440\u0438\u044e",
      "content_type": 13,
      "codename": "add_category"
    }
  },
  {
    "model": "auth.permission",
    "pk": 38,
    "fields": {
      "name": "Can change \u041a\u0430\u0442\u0435\u0433\u043e\u0440\u0438\u044e",
      "content_type": 13,
      "codename": "change_category"
    }
  },
  {
    "model": "auth.permission",
    "pk": 39,
    "fields": {
      "name": "Can delete \u041a\u0430\u0442\u0435\u0433\u043e\u0440\u0438\u044e",
      "content_type": 13,
      "codename": "delete_category"
    }
  },
  {
    "model": "auth.permission",
    "pk": 40,
    "fields": {
      "name": "Can add email confirmation",
      "content_type": 14,
      "codename": "add_emailconfirmation"
    }
  },
  {
    "model": "auth.permission",
    "pk": 41,
    "fields": {
      "name": "Can change email confirmation",
      "content_type": 14,
      "codename": "change_emailconfirmation"
    }
  },
  {
    "model": "auth.permission",
    "pk": 42,
    "fields": {
      "name": "Can delete email confirmation",
      "content_type": 14,
      "codename": "delete_emailconfirmation"
    }
  },
  {
    "model": "auth.permission",
    "pk": 43,
    "fields": {
      "name": "Can add email address",
      "content_type": 15,
      "codename": "add_emailaddress"
    }
  },
  {
    "model": "auth.permission",
    "pk": 44,
    "fields": {
      "name": "Can change email address",
      "content_type": 15,
      "codename": "change_emailaddress"
    }
  },
  {
    "model": "auth.permission",
    "pk": 45,
    "fields": {
      "name": "Can delete email address",
      "content_type": 15,
      "codename": "delete_emailaddress"
    }
  },
  {
    "model": "auth.permission",
    "pk": 46,
    "fields": {
      "name": "Can add social application",
      "content_type": 16,
      "codename": "add_socialapp"
    }
  },
  {
    "model": "auth.permission",
    "pk": 47,
    "fields": {
      "name": "Can change social application",
      "content_type": 16,
      "codename": "change_socialapp"
    }
  },
  {
    "model": "auth.permission",
    "pk": 48,
    "fields": {
      "name": "Can delete social application",
      "content_type": 16,
      "codename": "delete_socialapp"
    }
  },
  {
    "model": "auth.permission",
    "pk": 49,
    "fields": {
      "name": "Can add social account",
      "content_type": 17,
      "codename": "add_socialaccount"
    }
  },
  {
    "model": "auth.permission",
    "pk": 50,
    "fields": {
      "name": "Can change social account",
      "content_type": 17,
      "codename": "change_socialaccount"
    }
  },
  {
    "model": "auth.permission",
    "pk": 51,
    "fields": {
      "name": "Can delete social account",
      "content_type": 17,
      "codename": "delete_socialaccount"
    }
  },
  {
    "model": "auth.permission",
    "pk": 52,
    "fields": {
      "name": "Can add social application token",
      "content_type": 18,
      "codename": "add_socialtoken"
    }
  },
  {
    "model": "auth.permission",
    "pk": 53,
    "fields": {
      "name": "Can change social application token",
      "content_type": 18,
      "codename": "change_socialtoken"
    }
  },
  {
    "model": "auth.permission",
    "pk": 54,
    "fields": {
      "name": "Can delete social application token",
      "content_type": 18,
      "codename": "delete_socialtoken"
    }
  },
  {
    "model": "auth.permission",
    "pk": 55,
    "fields": {
      "name": "Can add user",
      "content_type": 19,
      "codename": "add_users"
    }
  },
  {
    "model": "auth.permission",
    "pk": 56,
    "fields": {
      "name": "Can change user",
      "content_type": 19,
      "codename": "change_users"
    }
  },
  {
    "model": "auth.permission",
    "pk": 57,
    "fields": {
      "name": "Can delete user",
      "content_type": 19,
      "codename": "delete_users"
    }
  },
  {
    "model": "users_app.users",
    "pk": 1,
    "fields": {
      "password": "pbkdf2_sha256$30000$zjhXddFflDmG$ls6AkJkjPqQpuCEoDOqNtcx62mPD1Iv2l+aORJpLUnQ=",
      "last_login": "2017-05-07T11:15:44.453Z",
      "is_superuser": true,
      "first_name": "",
      "last_name": "",
      "is_staff": true,
      "is_active": true,
      "date_joined": "2017-05-05T11:50:50.761Z",
      "email": "admin@localhost",
      "username": "admin",
      "email_token": null,
      "groups": [],
      "user_permissions": []
    }
  },
  {
    "model": "users_app.users",
    "pk": 14,
    "fields": {
      "password": "pbkdf2_sha256$30000$yU3QoXBpUndl$SC2njcLcEZBheDSBhgpI+1SK10Y19bu32bjdbQk7bSY=",
      "last_login": null,
      "is_superuser": false,
      "first_name": "",
      "last_name": "",
      "is_staff": true,
      "is_active": true,
      "date_joined": "2017-05-07T11:13:09.089Z",
      "email": "okay11007@gmail.com",
      "username": null,
      "email_token": "4lu-97e8e041774c989f00f0",
      "groups": [],
      "user_permissions": []
    }
  },
  {
    "model": "ad_app.ad",
    "pk": 1,
    "fields": {
      "title": "Test title 4625",
      "description": "Lorem ipsum dolor sit amet",
      "country": "\u0420\u043e\u0441\u0441\u0438\u044f",
      "city": "\u041c\u043e\u0441\u043a\u0432\u0430",
      "category": 1,
      "phone": "+996 707 330 726",
      "location": null,
      "created_at": "2017-05-07",
      "updated_at": "2017-05-07",
      "user": 1,
      "views": 0,
      "price": 15000,
      "media": [
        5,
        6
      ]
    }
  },
  {
    "model": "ad_app.ad",
    "pk": 2,
    "fields": {
      "title": "Test title 3014",
      "description": "Lorem ipsum dolor sit amet",
      "country": "\u0420\u043e\u0441\u0441\u0438\u044f",
      "city": "\u041c\u043e\u0441\u043a\u0432\u0430",
      "category": 1,
      "phone": "+996 707 330 726",
      "location": null,
      "created_at": "2017-05-07",
      "updated_at": "2017-05-07",
      "user": 1,
      "views": 0,
      "price": 15000,
      "media": [
        5,
        6
      ]
    }
  },
  {
    "model": "ad_app.ad",
    "pk": 3,
    "fields": {
      "title": "Test title 3914",
      "description": "Lorem ipsum dolor sit amet",
      "country": "\u0420\u043e\u0441\u0441\u0438\u044f",
      "city": "\u041c\u043e\u0441\u043a\u0432\u0430",
      "category": 1,
      "phone": "+996 707 330 726",
      "location": null,
      "created_at": "2017-05-07",
      "updated_at": "2017-05-07",
      "user": 1,
      "views": 0,
      "price": 15000,
      "media": [
        5,
        6
      ]
    }
  },
  {
    "model": "ad_app.ad",
    "pk": 4,
    "fields": {
      "title": "Test title 2436",
      "description": "Lorem ipsum dolor sit amet",
      "country": "\u0420\u043e\u0441\u0441\u0438\u044f",
      "city": "\u041c\u043e\u0441\u043a\u0432\u0430",
      "category": 1,
      "phone": "+996 707 330 726",
      "location": null,
      "created_at": "2017-05-07",
      "updated_at": "2017-05-07",
      "user": 1,
      "views": 0,
      "price": 15000,
      "media": [
        5,
        6
      ]
    }
  },
  {
    "model": "ad_app.ad",
    "pk": 5,
    "fields": {
      "title": "Test title 6235",
      "description": "Lorem ipsum dolor sit amet",
      "country": "\u0420\u043e\u0441\u0441\u0438\u044f",
      "city": "\u041c\u043e\u0441\u043a\u0432\u0430",
      "category": 1,
      "phone": "+996 707 330 726",
      "location": null,
      "created_at": "2017-05-07",
      "updated_at": "2017-05-07",
      "user": 1,
      "views": 0,
      "price": 15000,
      "media": [
        5,
        6
      ]
    }
  },
  {
    "model": "ad_app.ad",
    "pk": 6,
    "fields": {
      "title": "Test title 3708",
      "description": "Lorem ipsum dolor sit amet",
      "country": "\u0420\u043e\u0441\u0441\u0438\u044f",
      "city": "\u041c\u043e\u0441\u043a\u0432\u0430",
      "category": 1,
      "phone": "+996 707 330 726",
      "location": null,
      "created_at": "2017-05-07",
      "updated_at": "2017-05-07",
      "user": 1,
      "views": 0,
      "price": 15000,
      "media": [
        5,
        6
      ]
    }
  },
  {
    "model": "ad_app.ad",
    "pk": 7,
    "fields": {
      "title": "Test title 4380",
      "description": "Lorem ipsum dolor sit amet",
      "country": "\u0420\u043e\u0441\u0441\u0438\u044f",
      "city": "\u041c\u043e\u0441\u043a\u0432\u0430",
      "category": 1,
      "phone": "+996 707 330 726",
      "location": null,
      "created_at": "2017-05-07",
      "updated_at": "2017-05-07",
      "user": 1,
      "views": 0,
      "price": 15000,
      "media": [
        5,
        6
      ]
    }
  },
  {
    "model": "ad_app.ad",
    "pk": 8,
    "fields": {
      "title": "Test title 5651",
      "description": "Lorem ipsum dolor sit amet",
      "country": "\u0420\u043e\u0441\u0441\u0438\u044f",
      "city": "\u041c\u043e\u0441\u043a\u0432\u0430",
      "category": 1,
      "phone": "+996 707 330 726",
      "location": null,
      "created_at": "2017-05-07",
      "updated_at": "2017-05-07",
      "user": 1,
      "views": 0,
      "price": 15000,
      "media": [
        5,
        6
      ]
    }
  },
  {
    "model": "ad_app.ad",
    "pk": 9,
    "fields": {
      "title": "Test title 6493",
      "description": "Lorem ipsum dolor sit amet",
      "country": "\u0420\u043e\u0441\u0441\u0438\u044f",
      "city": "\u041c\u043e\u0441\u043a\u0432\u0430",
      "category": 1,
      "phone": "+996 707 330 726",
      "location": null,
      "created_at": "2017-05-07",
      "updated_at": "2017-05-07",
      "user": 1,
      "views": 0,
      "price": 15000,
      "media": [
        5,
        6
      ]
    }
  },
  {
    "model": "ad_app.ad",
    "pk": 10,
    "fields": {
      "title": "Test title 8422",
      "description": "Lorem ipsum dolor sit amet",
      "country": "\u0420\u043e\u0441\u0441\u0438\u044f",
      "city": "\u041c\u043e\u0441\u043a\u0432\u0430",
      "category": 1,
      "phone": "+996 707 330 726",
      "location": null,
      "created_at": "2017-05-07",
      "updated_at": "2017-05-07",
      "user": 1,
      "views": 0,
      "price": 15000,
      "media": [
        5,
        6
      ]
    }
  },
  {
    "model": "ad_app.ad",
    "pk": 11,
    "fields": {
      "title": "Test title 9959",
      "description": "Lorem ipsum dolor sit amet",
      "country": "\u0420\u043e\u0441\u0441\u0438\u044f",
      "city": "\u041c\u043e\u0441\u043a\u0432\u0430",
      "category": 1,
      "phone": "+996 707 330 726",
      "location": null,
      "created_at": "2017-05-07",
      "updated_at": "2017-05-07",
      "user": 1,
      "views": 0,
      "price": 15000,
      "media": [
        5,
        6
      ]
    }
  },
  {
    "model": "ad_app.ad",
    "pk": 12,
    "fields": {
      "title": "Test title 7555",
      "description": "Lorem ipsum dolor sit amet",
      "country": "\u0420\u043e\u0441\u0441\u0438\u044f",
      "city": "\u041c\u043e\u0441\u043a\u0432\u0430",
      "category": 1,
      "phone": "+996 707 330 726",
      "location": null,
      "created_at": "2017-05-07",
      "updated_at": "2017-05-07",
      "user": 1,
      "views": 0,
      "price": 15000,
      "media": [
        5,
        6
      ]
    }
  },
  {
    "model": "ad_app.ad",
    "pk": 13,
    "fields": {
      "title": "Test title 9673",
      "description": "Lorem ipsum dolor sit amet",
      "country": "\u0420\u043e\u0441\u0441\u0438\u044f",
      "city": "\u041c\u043e\u0441\u043a\u0432\u0430",
      "category": 1,
      "phone": "+996 707 330 726",
      "location": null,
      "created_at": "2017-05-07",
      "updated_at": "2017-05-07",
      "user": 1,
      "views": 0,
      "price": 15000,
      "media": [
        5,
        6
      ]
    }
  },
  {
    "model": "ad_app.ad",
    "pk": 14,
    "fields": {
      "title": "Test title 7800",
      "description": "Lorem ipsum dolor sit amet",
      "country": "\u0420\u043e\u0441\u0441\u0438\u044f",
      "city": "\u041c\u043e\u0441\u043a\u0432\u0430",
      "category": 1,
      "phone": "+996 707 330 726",
      "location": null,
      "created_at": "2017-05-07",
      "updated_at": "2017-05-07",
      "user": 1,
      "views": 0,
      "price": 15000,
      "media": [
        5,
        6
      ]
    }
  },
  {
    "model": "ad_app.ad",
    "pk": 15,
    "fields": {
      "title": "Test title 3009",
      "description": "Lorem ipsum dolor sit amet",
      "country": "\u0420\u043e\u0441\u0441\u0438\u044f",
      "city": "\u041c\u043e\u0441\u043a\u0432\u0430",
      "category": 1,
      "phone": "+996 707 330 726",
      "location": null,
      "created_at": "2017-05-07",
      "updated_at": "2017-05-07",
      "user": 1,
      "views": 0,
      "price": 15000,
      "media": [
        5,
        6
      ]
    }
  },
  {
    "model": "ad_app.ad",
    "pk": 16,
    "fields": {
      "title": "Test title 4802",
      "description": "Lorem ipsum dolor sit amet",
      "country": "\u0420\u043e\u0441\u0441\u0438\u044f",
      "city": "\u041c\u043e\u0441\u043a\u0432\u0430",
      "category": 1,
      "phone": "+996 707 330 726",
      "location": null,
      "created_at": "2017-05-07",
      "updated_at": "2017-05-07",
      "user": 1,
      "views": 0,
      "price": 15000,
      "media": [
        5,
        6
      ]
    }
  },
  {
    "model": "ad_app.ad",
    "pk": 17,
    "fields": {
      "title": "Test title 5293",
      "description": "Lorem ipsum dolor sit amet",
      "country": "\u0420\u043e\u0441\u0441\u0438\u044f",
      "city": "\u041c\u043e\u0441\u043a\u0432\u0430",
      "category": 1,
      "phone": "+996 707 330 726",
      "location": null,
      "created_at": "2017-05-07",
      "updated_at": "2017-05-07",
      "user": 1,
      "views": 0,
      "price": 15000,
      "media": [
        5,
        6
      ]
    }
  },
  {
    "model": "ad_app.ad",
    "pk": 18,
    "fields": {
      "title": "Test title 2067",
      "description": "Lorem ipsum dolor sit amet",
      "country": "\u0420\u043e\u0441\u0441\u0438\u044f",
      "city": "\u041c\u043e\u0441\u043a\u0432\u0430",
      "category": 1,
      "phone": "+996 707 330 726",
      "location": null,
      "created_at": "2017-05-07",
      "updated_at": "2017-05-07",
      "user": 1,
      "views": 0,
      "price": 15000,
      "media": [
        5,
        6
      ]
    }
  },
  {
    "model": "ad_app.ad",
    "pk": 19,
    "fields": {
      "title": "Test title 1580",
      "description": "Lorem ipsum dolor sit amet",
      "country": "\u0420\u043e\u0441\u0441\u0438\u044f",
      "city": "\u041c\u043e\u0441\u043a\u0432\u0430",
      "category": 1,
      "phone": "+996 707 330 726",
      "location": null,
      "created_at": "2017-05-07",
      "updated_at": "2017-05-07",
      "user": 1,
      "views": 0,
      "price": 15000,
      "media": [
        5,
        6
      ]
    }
  },
  {
    "model": "ad_app.ad",
    "pk": 20,
    "fields": {
      "title": "Test title 3359",
      "description": "Lorem ipsum dolor sit amet",
      "country": "\u0420\u043e\u0441\u0441\u0438\u044f",
      "city": "\u041c\u043e\u0441\u043a\u0432\u0430",
      "category": 1,
      "phone": "+996 707 330 726",
      "location": null,
      "created_at": "2017-05-07",
      "updated_at": "2017-05-07",
      "user": 1,
      "views": 0,
      "price": 15000,
      "media": [
        5,
        6
      ]
    }
  },
  {
    "model": "ad_app.ad",
    "pk": 21,
    "fields": {
      "title": "Test title 3051",
      "description": "Lorem ipsum dolor sit amet",
      "country": "\u0420\u043e\u0441\u0441\u0438\u044f",
      "city": "\u041c\u043e\u0441\u043a\u0432\u0430",
      "category": 1,
      "phone": "+996 707 330 726",
      "location": null,
      "created_at": "2017-05-07",
      "updated_at": "2017-05-07",
      "user": 1,
      "views": 0,
      "price": 15000,
      "media": [
        5,
        6
      ]
    }
  },
  {
    "model": "ad_app.ad",
    "pk": 22,
    "fields": {
      "title": "Test title 2900",
      "description": "Lorem ipsum dolor sit amet",
      "country": "\u0420\u043e\u0441\u0441\u0438\u044f",
      "city": "\u041c\u043e\u0441\u043a\u0432\u0430",
      "category": 1,
      "phone": "+996 707 330 726",
      "location": null,
      "created_at": "2017-05-07",
      "updated_at": "2017-05-07",
      "user": 1,
      "views": 0,
      "price": 15000,
      "media": [
        5,
        6
      ]
    }
  },
  {
    "model": "ad_app.ad",
    "pk": 23,
    "fields": {
      "title": "Test title 7649",
      "description": "Lorem ipsum dolor sit amet",
      "country": "\u0420\u043e\u0441\u0441\u0438\u044f",
      "city": "\u041c\u043e\u0441\u043a\u0432\u0430",
      "category": 1,
      "phone": "+996 707 330 726",
      "location": null,
      "created_at": "2017-05-07",
      "updated_at": "2017-05-07",
      "user": 1,
      "views": 0,
      "price": 15000,
      "media": [
        5,
        6
      ]
    }
  },
  {
    "model": "ad_app.ad",
    "pk": 24,
    "fields": {
      "title": "Test title 3098",
      "description": "Lorem ipsum dolor sit amet",
      "country": "\u0420\u043e\u0441\u0441\u0438\u044f",
      "city": "\u041c\u043e\u0441\u043a\u0432\u0430",
      "category": 1,
      "phone": "+996 707 330 726",
      "location": null,
      "created_at": "2017-05-07",
      "updated_at": "2017-05-07",
      "user": 1,
      "views": 0,
      "price": 15000,
      "media": [
        5,
        6
      ]
    }
  },
  {
    "model": "ad_app.ad",
    "pk": 25,
    "fields": {
      "title": "Test title 8877",
      "description": "Lorem ipsum dolor sit amet",
      "country": "\u0420\u043e\u0441\u0441\u0438\u044f",
      "city": "\u041c\u043e\u0441\u043a\u0432\u0430",
      "category": 1,
      "phone": "+996 707 330 726",
      "location": null,
      "created_at": "2017-05-07",
      "updated_at": "2017-05-07",
      "user": 1,
      "views": 0,
      "price": 15000,
      "media": [
        5,
        6
      ]
    }
  },
  {
    "model": "ad_app.ad",
    "pk": 26,
    "fields": {
      "title": "Test title 3594",
      "description": "Lorem ipsum dolor sit amet",
      "country": "\u0420\u043e\u0441\u0441\u0438\u044f",
      "city": "\u041c\u043e\u0441\u043a\u0432\u0430",
      "category": 1,
      "phone": "+996 707 330 726",
      "location": null,
      "created_at": "2017-05-07",
      "updated_at": "2017-05-07",
      "user": 1,
      "views": 0,
      "price": 15000,
      "media": [
        5,
        6
      ]
    }
  },
  {
    "model": "ad_app.ad",
    "pk": 27,
    "fields": {
      "title": "Test title 2637",
      "description": "Lorem ipsum dolor sit amet",
      "country": "\u0420\u043e\u0441\u0441\u0438\u044f",
      "city": "\u041c\u043e\u0441\u043a\u0432\u0430",
      "category": 1,
      "phone": "+996 707 330 726",
      "location": null,
      "created_at": "2017-05-07",
      "updated_at": "2017-05-07",
      "user": 1,
      "views": 0,
      "price": 15000,
      "media": [
        5,
        6
      ]
    }
  },
  {
    "model": "ad_app.ad",
    "pk": 28,
    "fields": {
      "title": "Test title 5160",
      "description": "Lorem ipsum dolor sit amet",
      "country": "\u0420\u043e\u0441\u0441\u0438\u044f",
      "city": "\u041c\u043e\u0441\u043a\u0432\u0430",
      "category": 1,
      "phone": "+996 707 330 726",
      "location": null,
      "created_at": "2017-05-07",
      "updated_at": "2017-05-07",
      "user": 1,
      "views": 0,
      "price": 15000,
      "media": [
        5,
        6
      ]
    }
  },
  {
    "model": "ad_app.ad",
    "pk": 29,
    "fields": {
      "title": "Test title 8586",
      "description": "Lorem ipsum dolor sit amet",
      "country": "\u0420\u043e\u0441\u0441\u0438\u044f",
      "city": "\u041c\u043e\u0441\u043a\u0432\u0430",
      "category": 1,
      "phone": "+996 707 330 726",
      "location": null,
      "created_at": "2017-05-07",
      "updated_at": "2017-05-07",
      "user": 1,
      "views": 0,
      "price": 15000,
      "media": [
        5,
        6
      ]
    }
  },
  {
    "model": "ad_app.ad",
    "pk": 30,
    "fields": {
      "title": "Test title 1121",
      "description": "Lorem ipsum dolor sit amet",
      "country": "\u0420\u043e\u0441\u0441\u0438\u044f",
      "city": "\u041c\u043e\u0441\u043a\u0432\u0430",
      "category": 1,
      "phone": "+996 707 330 726",
      "location": null,
      "created_at": "2017-05-07",
      "updated_at": "2017-05-07",
      "user": 1,
      "views": 0,
      "price": 15000,
      "media": [
        5,
        6
      ]
    }
  },
  {
    "model": "ad_app.ad",
    "pk": 31,
    "fields": {
      "title": "Test title 8903",
      "description": "Lorem ipsum dolor sit amet",
      "country": "\u0420\u043e\u0441\u0441\u0438\u044f",
      "city": "\u041c\u043e\u0441\u043a\u0432\u0430",
      "category": 1,
      "phone": "+996 707 330 726",
      "location": null,
      "created_at": "2017-05-07",
      "updated_at": "2017-05-07",
      "user": 1,
      "views": 0,
      "price": 15000,
      "media": [
        5,
        6
      ]
    }
  },
  {
    "model": "ad_app.ad",
    "pk": 32,
    "fields": {
      "title": "Test title 9727",
      "description": "Lorem ipsum dolor sit amet",
      "country": "\u0420\u043e\u0441\u0441\u0438\u044f",
      "city": "\u041c\u043e\u0441\u043a\u0432\u0430",
      "category": 1,
      "phone": "+996 707 330 726",
      "location": null,
      "created_at": "2017-05-07",
      "updated_at": "2017-05-07",
      "user": 1,
      "views": 0,
      "price": 15000,
      "media": [
        5,
        6
      ]
    }
  },
  {
    "model": "ad_app.ad",
    "pk": 33,
    "fields": {
      "title": "Test title 1722",
      "description": "Lorem ipsum dolor sit amet",
      "country": "\u0420\u043e\u0441\u0441\u0438\u044f",
      "city": "\u041c\u043e\u0441\u043a\u0432\u0430",
      "category": 1,
      "phone": "+996 707 330 726",
      "location": null,
      "created_at": "2017-05-07",
      "updated_at": "2017-05-07",
      "user": 1,
      "views": 0,
      "price": 15000,
      "media": [
        5,
        6
      ]
    }
  },
  {
    "model": "ad_app.ad",
    "pk": 34,
    "fields": {
      "title": "Test title 9028",
      "description": "Lorem ipsum dolor sit amet",
      "country": "\u0420\u043e\u0441\u0441\u0438\u044f",
      "city": "\u041c\u043e\u0441\u043a\u0432\u0430",
      "category": 1,
      "phone": "+996 707 330 726",
      "location": null,
      "created_at": "2017-05-07",
      "updated_at": "2017-05-07",
      "user": 1,
      "views": 0,
      "price": 15000,
      "media": [
        5,
        6
      ]
    }
  },
  {
    "model": "ad_app.ad",
    "pk": 35,
    "fields": {
      "title": "Test title 8699",
      "description": "Lorem ipsum dolor sit amet",
      "country": "\u0420\u043e\u0441\u0441\u0438\u044f",
      "city": "\u041c\u043e\u0441\u043a\u0432\u0430",
      "category": 1,
      "phone": "+996 707 330 726",
      "location": null,
      "created_at": "2017-05-07",
      "updated_at": "2017-05-07",
      "user": 1,
      "views": 0,
      "price": 15000,
      "media": [
        5,
        6
      ]
    }
  },
  {
    "model": "ad_app.ad",
    "pk": 36,
    "fields": {
      "title": "Test title 3227",
      "description": "Lorem ipsum dolor sit amet",
      "country": "\u0420\u043e\u0441\u0441\u0438\u044f",
      "city": "\u041c\u043e\u0441\u043a\u0432\u0430",
      "category": 1,
      "phone": "+996 707 330 726",
      "location": null,
      "created_at": "2017-05-07",
      "updated_at": "2017-05-07",
      "user": 1,
      "views": 0,
      "price": 15000,
      "media": [
        5,
        6
      ]
    }
  },
  {
    "model": "ad_app.ad",
    "pk": 37,
    "fields": {
      "title": "Test title 5932",
      "description": "Lorem ipsum dolor sit amet",
      "country": "\u0420\u043e\u0441\u0441\u0438\u044f",
      "city": "\u041c\u043e\u0441\u043a\u0432\u0430",
      "category": 1,
      "phone": "+996 707 330 726",
      "location": null,
      "created_at": "2017-05-07",
      "updated_at": "2017-05-07",
      "user": 1,
      "views": 0,
      "price": 15000,
      "media": [
        5,
        6
      ]
    }
  },
  {
    "model": "ad_app.ad",
    "pk": 38,
    "fields": {
      "title": "Test title 8556",
      "description": "Lorem ipsum dolor sit amet",
      "country": "\u0420\u043e\u0441\u0441\u0438\u044f",
      "city": "\u041c\u043e\u0441\u043a\u0432\u0430",
      "category": 1,
      "phone": "+996 707 330 726",
      "location": null,
      "created_at": "2017-05-07",
      "updated_at": "2017-05-07",
      "user": 1,
      "views": 0,
      "price": 15000,
      "media": [
        5,
        6
      ]
    }
  },
  {
    "model": "ad_app.ad",
    "pk": 39,
    "fields": {
      "title": "Test title 2380",
      "description": "Lorem ipsum dolor sit amet",
      "country": "\u0420\u043e\u0441\u0441\u0438\u044f",
      "city": "\u041c\u043e\u0441\u043a\u0432\u0430",
      "category": 1,
      "phone": "+996 707 330 726",
      "location": null,
      "created_at": "2017-05-07",
      "updated_at": "2017-05-07",
      "user": 1,
      "views": 0,
      "price": 15000,
      "media": [
        5,
        6
      ]
    }
  },
  {
    "model": "ad_app.ad",
    "pk": 40,
    "fields": {
      "title": "Test title 7919",
      "description": "Lorem ipsum dolor sit amet",
      "country": "\u0420\u043e\u0441\u0441\u0438\u044f",
      "city": "\u041c\u043e\u0441\u043a\u0432\u0430",
      "category": 1,
      "phone": "+996 707 330 726",
      "location": null,
      "created_at": "2017-05-07",
      "updated_at": "2017-05-07",
      "user": 1,
      "views": 0,
      "price": 15000,
      "media": [
        5,
        6
      ]
    }
  },
  {
    "model": "ad_app.ad",
    "pk": 41,
    "fields": {
      "title": "Test title 2010",
      "description": "Lorem ipsum dolor sit amet",
      "country": "\u0420\u043e\u0441\u0441\u0438\u044f",
      "city": "\u041c\u043e\u0441\u043a\u0432\u0430",
      "category": 1,
      "phone": "+996 707 330 726",
      "location": null,
      "created_at": "2017-05-07",
      "updated_at": "2017-05-07",
      "user": 1,
      "views": 0,
      "price": 15000,
      "media": [
        5,
        6
      ]
    }
  },
  {
    "model": "ad_app.ad",
    "pk": 42,
    "fields": {
      "title": "Test title 2588",
      "description": "Lorem ipsum dolor sit amet",
      "country": "\u0420\u043e\u0441\u0441\u0438\u044f",
      "city": "\u041c\u043e\u0441\u043a\u0432\u0430",
      "category": 1,
      "phone": "+996 707 330 726",
      "location": null,
      "created_at": "2017-05-07",
      "updated_at": "2017-05-07",
      "user": 1,
      "views": 0,
      "price": 15000,
      "media": [
        5,
        6
      ]
    }
  },
  {
    "model": "ad_app.ad",
    "pk": 43,
    "fields": {
      "title": "Test title 8217",
      "description": "Lorem ipsum dolor sit amet",
      "country": "\u0420\u043e\u0441\u0441\u0438\u044f",
      "city": "\u041c\u043e\u0441\u043a\u0432\u0430",
      "category": 1,
      "phone": "+996 707 330 726",
      "location": null,
      "created_at": "2017-05-07",
      "updated_at": "2017-05-07",
      "user": 1,
      "views": 0,
      "price": 15000,
      "media": [
        5,
        6
      ]
    }
  },
  {
    "model": "ad_app.ad",
    "pk": 44,
    "fields": {
      "title": "Test title 9189",
      "description": "Lorem ipsum dolor sit amet",
      "country": "\u0420\u043e\u0441\u0441\u0438\u044f",
      "city": "\u041c\u043e\u0441\u043a\u0432\u0430",
      "category": 1,
      "phone": "+996 707 330 726",
      "location": null,
      "created_at": "2017-05-07",
      "updated_at": "2017-05-07",
      "user": 1,
      "views": 0,
      "price": 15000,
      "media": [
        5,
        6
      ]
    }
  },
  {
    "model": "ad_app.ad",
    "pk": 45,
    "fields": {
      "title": "Test title 5690",
      "description": "Lorem ipsum dolor sit amet",
      "country": "\u0420\u043e\u0441\u0441\u0438\u044f",
      "city": "\u041c\u043e\u0441\u043a\u0432\u0430",
      "category": 1,
      "phone": "+996 707 330 726",
      "location": null,
      "created_at": "2017-05-07",
      "updated_at": "2017-05-07",
      "user": 1,
      "views": 0,
      "price": 15000,
      "media": [
        5,
        6
      ]
    }
  },
  {
    "model": "ad_app.ad",
    "pk": 46,
    "fields": {
      "title": "Test title 3131",
      "description": "Lorem ipsum dolor sit amet",
      "country": "\u0420\u043e\u0441\u0441\u0438\u044f",
      "city": "\u041c\u043e\u0441\u043a\u0432\u0430",
      "category": 1,
      "phone": "+996 707 330 726",
      "location": null,
      "created_at": "2017-05-07",
      "updated_at": "2017-05-07",
      "user": 1,
      "views": 0,
      "price": 15000,
      "media": [
        5,
        6
      ]
    }
  },
  {
    "model": "ad_app.ad",
    "pk": 47,
    "fields": {
      "title": "Test title 6434",
      "description": "Lorem ipsum dolor sit amet",
      "country": "\u0420\u043e\u0441\u0441\u0438\u044f",
      "city": "\u041c\u043e\u0441\u043a\u0432\u0430",
      "category": 1,
      "phone": "+996 707 330 726",
      "location": null,
      "created_at": "2017-05-07",
      "updated_at": "2017-05-07",
      "user": 1,
      "views": 0,
      "price": 15000,
      "media": [
        5,
        6
      ]
    }
  },
  {
    "model": "ad_app.ad",
    "pk": 48,
    "fields": {
      "title": "Test title 1009",
      "description": "Lorem ipsum dolor sit amet",
      "country": "\u0420\u043e\u0441\u0441\u0438\u044f",
      "city": "\u041c\u043e\u0441\u043a\u0432\u0430",
      "category": 1,
      "phone": "+996 707 330 726",
      "location": null,
      "created_at": "2017-05-07",
      "updated_at": "2017-05-07",
      "user": 1,
      "views": 0,
      "price": 15000,
      "media": [
        5,
        6
      ]
    }
  },
  {
    "model": "ad_app.ad",
    "pk": 49,
    "fields": {
      "title": "Test title 1787",
      "description": "Lorem ipsum dolor sit amet",
      "country": "\u0420\u043e\u0441\u0441\u0438\u044f",
      "city": "\u041c\u043e\u0441\u043a\u0432\u0430",
      "category": 1,
      "phone": "+996 707 330 726",
      "location": null,
      "created_at": "2017-05-07",
      "updated_at": "2017-05-07",
      "user": 1,
      "views": 0,
      "price": 15000,
      "media": [
        5,
        6
      ]
    }
  },
  {
    "model": "ad_app.ad",
    "pk": 50,
    "fields": {
      "title": "Test title 2171",
      "description": "Lorem ipsum dolor sit amet",
      "country": "\u0420\u043e\u0441\u0441\u0438\u044f",
      "city": "\u041c\u043e\u0441\u043a\u0432\u0430",
      "category": 1,
      "phone": "+996 707 330 726",
      "location": null,
      "created_at": "2017-05-07",
      "updated_at": "2017-05-07",
      "user": 1,
      "views": 0,
      "price": 15000,
      "media": [
        5,
        6
      ]
    }
  },
  {
    "model": "admin.logentry",
    "pk": 1,
    "fields": {
      "action_time": "2017-05-05T12:15:28.154Z",
      "user": 1,
      "content_type": 19,
      "object_id": "2",
      "object_repr": "okay11007@gmail.com",
      "action_flag": 1,
      "change_message": "[{\"added\": {}}]"
    }
  },
  {
    "model": "admin.logentry",
    "pk": 2,
    "fields": {
      "action_time": "2017-05-05T12:20:33.730Z",
      "user": 1,
      "content_type": 16,
      "object_id": "1",
      "object_repr": "TumaR24 (Classified Ads)",
      "action_flag": 1,
      "change_message": "[{\"added\": {}}]"
    }
  },
  {
    "model": "admin.logentry",
    "pk": 3,
    "fields": {
      "action_time": "2017-05-05T12:20:46.338Z",
      "user": 1,
      "content_type": 6,
      "object_id": "1",
      "object_repr": "localhost:8000",
      "action_flag": 2,
      "change_message": "[{\"changed\": {\"fields\": [\"domain\"]}}]"
    }
  },
  {
    "model": "admin.logentry",
    "pk": 4,
    "fields": {
      "action_time": "2017-05-06T05:46:35.670Z",
      "user": 1,
      "content_type": 19,
      "object_id": "2",
      "object_repr": "okay11007@gmail.com",
      "action_flag": 3,
      "change_message": ""
    }
  },
  {
    "model": "admin.logentry",
    "pk": 5,
    "fields": {
      "action_time": "2017-05-06T05:49:04.796Z",
      "user": 1,
      "content_type": 19,
      "object_id": "3",
      "object_repr": "okay11007@gmail.com",
      "action_flag": 3,
      "change_message": ""
    }
  },
  {
    "model": "admin.logentry",
    "pk": 6,
    "fields": {
      "action_time": "2017-05-06T05:49:53.624Z",
      "user": 1,
      "content_type": 19,
      "object_id": "4",
      "object_repr": "okay11007@gmail.com",
      "action_flag": 3,
      "change_message": ""
    }
  },
  {
    "model": "admin.logentry",
    "pk": 7,
    "fields": {
      "action_time": "2017-05-06T11:31:50.937Z",
      "user": 1,
      "content_type": 19,
      "object_id": "5",
      "object_repr": "okay11007@gmail.com",
      "action_flag": 3,
      "change_message": ""
    }
  },
  {
    "model": "admin.logentry",
    "pk": 8,
    "fields": {
      "action_time": "2017-05-07T08:07:20.937Z",
      "user": 1,
      "content_type": 19,
      "object_id": "6",
      "object_repr": "okay11007@gmail.com",
      "action_flag": 3,
      "change_message": ""
    }
  },
  {
    "model": "admin.logentry",
    "pk": 9,
    "fields": {
      "action_time": "2017-05-07T08:12:15.627Z",
      "user": 1,
      "content_type": 19,
      "object_id": "7",
      "object_repr": "okay11007@gmail.com",
      "action_flag": 3,
      "change_message": ""
    }
  },
  {
    "model": "admin.logentry",
    "pk": 10,
    "fields": {
      "action_time": "2017-05-07T08:14:45.033Z",
      "user": 1,
      "content_type": 19,
      "object_id": "8",
      "object_repr": "okay11007@gmail.com",
      "action_flag": 3,
      "change_message": ""
    }
  },
  {
    "model": "admin.logentry",
    "pk": 11,
    "fields": {
      "action_time": "2017-05-07T08:17:15.711Z",
      "user": 1,
      "content_type": 19,
      "object_id": "9",
      "object_repr": "okay11007@gmail.com",
      "action_flag": 3,
      "change_message": ""
    }
  },
  {
    "model": "admin.logentry",
    "pk": 12,
    "fields": {
      "action_time": "2017-05-07T08:18:58.270Z",
      "user": 1,
      "content_type": 19,
      "object_id": "10",
      "object_repr": "okay11007@gmail.com",
      "action_flag": 3,
      "change_message": ""
    }
  },
  {
    "model": "admin.logentry",
    "pk": 13,
    "fields": {
      "action_time": "2017-05-07T11:12:55.144Z",
      "user": 1,
      "content_type": 19,
      "object_id": "12",
      "object_repr": "admin@abovethesky.ru",
      "action_flag": 3,
      "change_message": ""
    }
  },
  {
    "model": "admin.logentry",
    "pk": 14,
    "fields": {
      "action_time": "2017-05-07T11:12:55.182Z",
      "user": 1,
      "content_type": 19,
      "object_id": "13",
      "object_repr": "bla@localhost",
      "action_flag": 3,
      "change_message": ""
    }
  },
  {
    "model": "admin.logentry",
    "pk": 15,
    "fields": {
      "action_time": "2017-05-07T11:12:55.215Z",
      "user": 1,
      "content_type": 19,
      "object_id": "11",
      "object_repr": "okay11007@gmail.com",
      "action_flag": 3,
      "change_message": ""
    }
  },
  {
    "model": "admin.logentry",
    "pk": 16,
    "fields": {
      "action_time": "2017-05-07T11:58:05.865Z",
      "user": 1,
      "content_type": 13,
      "object_id": "1",
      "object_repr": "\u041d\u0435\u0434\u0432\u0438\u0436\u0438\u043c\u043e\u0441\u0442\u044c",
      "action_flag": 1,
      "change_message": "[{\"added\": {}}]"
    }
  },
  {
    "model": "admin.logentry",
    "pk": 17,
    "fields": {
      "action_time": "2017-05-07T11:58:11.424Z",
      "user": 1,
      "content_type": 13,
      "object_id": "2",
      "object_repr": "\u0412\u0430\u043a\u0430\u043d\u0441\u0438\u0438",
      "action_flag": 1,
      "change_message": "[{\"added\": {}}]"
    }
  },
  {
    "model": "admin.logentry",
    "pk": 18,
    "fields": {
      "action_time": "2017-05-07T11:58:24.469Z",
      "user": 1,
      "content_type": 13,
      "object_id": "3",
      "object_repr": "\u041a\u0432\u0430\u0440\u0442\u0438\u0440\u044b",
      "action_flag": 1,
      "change_message": "[{\"added\": {}}]"
    }
  },
  {
    "model": "admin.logentry",
    "pk": 19,
    "fields": {
      "action_time": "2017-05-07T11:58:33.517Z",
      "user": 1,
      "content_type": 13,
      "object_id": "4",
      "object_repr": "\u041a\u043e\u043c\u043d\u0430\u0442\u044b",
      "action_flag": 1,
      "change_message": "[{\"added\": {}}]"
    }
  },
  {
    "model": "admin.logentry",
    "pk": 20,
    "fields": {
      "action_time": "2017-05-07T11:58:40.618Z",
      "user": 1,
      "content_type": 13,
      "object_id": "5",
      "object_repr": "\u041a\u043e\u0439\u043a\u0430-\u043c\u0435\u0441\u0442\u043e",
      "action_flag": 1,
      "change_message": "[{\"added\": {}}]"
    }
  },
  {
    "model": "admin.logentry",
    "pk": 21,
    "fields": {
      "action_time": "2017-05-07T11:58:49.435Z",
      "user": 1,
      "content_type": 13,
      "object_id": "6",
      "object_repr": "\u0412\u0430\u043a\u0430\u043d\u0441\u0438\u0438",
      "action_flag": 1,
      "change_message": "[{\"added\": {}}]"
    }
  },
  {
    "model": "admin.logentry",
    "pk": 22,
    "fields": {
      "action_time": "2017-05-07T11:58:56.071Z",
      "user": 1,
      "content_type": 13,
      "object_id": "7",
      "object_repr": "\u0418\u0449\u0443 \u0440\u0430\u0431\u043e\u0442\u0443",
      "action_flag": 1,
      "change_message": "[{\"added\": {}}]"
    }
  },
  {
    "model": "admin.logentry",
    "pk": 23,
    "fields": {
      "action_time": "2017-05-07T11:59:03.001Z",
      "user": 1,
      "content_type": 13,
      "object_id": "8",
      "object_repr": "\u041f\u043e\u0434\u0440\u0430\u0431\u043e\u0442\u043a\u0430",
      "action_flag": 1,
      "change_message": "[{\"added\": {}}]"
    }
  },
  {
    "model": "admin.logentry",
    "pk": 24,
    "fields": {
      "action_time": "2017-05-07T11:59:11.865Z",
      "user": 1,
      "content_type": 13,
      "object_id": "9",
      "object_repr": "\u0423\u0441\u043b\u0443\u0433\u0438",
      "action_flag": 1,
      "change_message": "[{\"added\": {}}]"
    }
  },
  {
    "model": "admin.logentry",
    "pk": 25,
    "fields": {
      "action_time": "2017-05-07T11:59:22.780Z",
      "user": 1,
      "content_type": 13,
      "object_id": "10",
      "object_repr": "\u041c\u0435\u0434\u0438\u0446\u0438\u043d\u0441\u043a\u0438\u0435",
      "action_flag": 1,
      "change_message": "[{\"added\": {}}]"
    }
  },
  {
    "model": "admin.logentry",
    "pk": 26,
    "fields": {
      "action_time": "2017-05-07T11:59:33.370Z",
      "user": 1,
      "content_type": 13,
      "object_id": "11",
      "object_repr": "\u041e\u0431\u0440\u0430\u0437\u043e\u0432\u0430\u043d\u0438\u0435",
      "action_flag": 1,
      "change_message": "[{\"added\": {}}]"
    }
  },
  {
    "model": "admin.logentry",
    "pk": 27,
    "fields": {
      "action_time": "2017-05-07T11:59:40.883Z",
      "user": 1,
      "content_type": 13,
      "object_id": "12",
      "object_repr": "\u041d\u044f\u043d\u0438",
      "action_flag": 1,
      "change_message": "[{\"added\": {}}]"
    }
  },
  {
    "model": "admin.logentry",
    "pk": 28,
    "fields": {
      "action_time": "2017-05-07T11:59:48.377Z",
      "user": 1,
      "content_type": 13,
      "object_id": "13",
      "object_repr": "\u0414\u043e\u043c\u0440\u0430\u0431\u043e\u0442\u043d\u0438\u0446\u044b",
      "action_flag": 1,
      "change_message": "[{\"added\": {}}]"
    }
  },
  {
    "model": "admin.logentry",
    "pk": 29,
    "fields": {
      "action_time": "2017-05-07T11:59:54.698Z",
      "user": 1,
      "content_type": 13,
      "object_id": "14",
      "object_repr": "\u041a\u043e\u043c\u043f\u044c\u044e\u0442\u0435\u0440\u043d\u044b\u0435",
      "action_flag": 1,
      "change_message": "[{\"added\": {}}]"
    }
  },
  {
    "model": "admin.logentry",
    "pk": 30,
    "fields": {
      "action_time": "2017-05-07T12:00:04.483Z",
      "user": 1,
      "content_type": 13,
      "object_id": "15",
      "object_repr": "\u0424\u043e\u0442\u043e-\u0412\u0438\u0434\u0435\u043e\u0441\u044a\u0451\u043c\u043a\u0430",
      "action_flag": 1,
      "change_message": "[{\"added\": {}}]"
    }
  },
  {
    "model": "admin.logentry",
    "pk": 31,
    "fields": {
      "action_time": "2017-05-07T12:15:49.851Z",
      "user": 1,
      "content_type": 10,
      "object_id": "1",
      "object_repr": "good-1_Q1LGOk9.png",
      "action_flag": 2,
      "change_message": "[{\"changed\": {\"fields\": [\"media_file\"]}}]"
    }
  },
  {
    "model": "admin.logentry",
    "pk": 32,
    "fields": {
      "action_time": "2017-05-07T12:15:58.660Z",
      "user": 1,
      "content_type": 10,
      "object_id": "2",
      "object_repr": "good-2_qHjFgUN.png",
      "action_flag": 2,
      "change_message": "[{\"changed\": {\"fields\": [\"media_file\"]}}]"
    }
  },
  {
    "model": "admin.logentry",
    "pk": 33,
    "fields": {
      "action_time": "2017-05-07T12:16:09.191Z",
      "user": 1,
      "content_type": 10,
      "object_id": "3",
      "object_repr": "good-3_RbpP7md.png",
      "action_flag": 2,
      "change_message": "[{\"changed\": {\"fields\": [\"media_file\"]}}]"
    }
  },
  {
    "model": "admin.logentry",
    "pk": 34,
    "fields": {
      "action_time": "2017-05-07T12:16:14.965Z",
      "user": 1,
      "content_type": 10,
      "object_id": "4",
      "object_repr": "good-1_AYcJZZU.png",
      "action_flag": 2,
      "change_message": "[{\"changed\": {\"fields\": [\"media_file\"]}}]"
    }
  },
  {
    "model": "admin.logentry",
    "pk": 35,
    "fields": {
      "action_time": "2017-05-07T12:16:28.335Z",
      "user": 1,
      "content_type": 10,
      "object_id": "5",
      "object_repr": "good-3_PozitHb.png",
      "action_flag": 2,
      "change_message": "[{\"changed\": {\"fields\": [\"media_file\"]}}]"
    }
  },
  {
    "model": "admin.logentry",
    "pk": 36,
    "fields": {
      "action_time": "2017-05-07T12:16:38.578Z",
      "user": 1,
      "content_type": 10,
      "object_id": "6",
      "object_repr": "good-2_Cnc1MkA.png",
      "action_flag": 2,
      "change_message": "[{\"changed\": {\"fields\": [\"media_file\"]}}]"
    }
  }
]